{"cameraMode":{"drawMode":0,"name":"Shaded","section":"Shading Mode"},"sceneLighting":true,"audioPlay":false,"sceneViewState":{"m_AlwaysRefresh":false,"showFog":true,"showSkybox":true,"showFlares":true,"showImageEffects":true,"showParticleSystems":true,"showVisualEffectGraphs":true,"m_FxEnabled":false},"in2DMode":false,"pivot":{"x":2.5957112312316896,"y":0.9805654883384705,"z":-2.8002798557281496},"rotation":{"x":-0.32599595189094546,"y":-0.0749419704079628,"z":0.02593432180583477,"w":-0.9420393705368042},"size":9.208057403564454,"orthographic":false}